{
  "addressbook": {
    "image.repository": "registry-vpc.cn-zhangjiakou.aliyuncs.com/bizconf_devops/bizconf_address_book",
    "image.tag": "develop.7831s",
    "replicaCount": 1,
    "addressbook.MONGO_URL": "mongodb://surpass:bizconf_surpass@10.200.3.188:27017/surpass_addressbook",
    "addressbook.MESSAGE_BUS_ADDR": "rabbitmq",
    "addressbook.MESSAGE_BUS_USER": "guest",
    "addressbook.MESSAGE_BUS_PASS": "guest",
    "addressbook.REDIS_URL": "redis://redis:6379/0"
  },
  "admingui": {
    "image.repository": "registry-vpc.cn-zhangjiakou.aliyuncs.com/bizconf_devops/bizconf_admin_portal",
    "image.tag": "develop.7305",
    "replicaCount": 1,
    "ingress.enabled": true,
    "ingress.host": "surpass-dev.bizconf.cn",
    "ingress.path": "/console"
  },
  "confmgr": {
    "image.repository": "registry-vpc.cn-zhangjiakou.aliyuncs.com/bizconf_devops/bizconf_conf_manager",
    "image.tag": "develop.7010",
    "replicaCount": 1,
    "confmgr.MONGO_URL": "mongodb://surpass:bizconf_surpass@10.200.3.188:27017/surpass_conf",
    "confmgr.MESSAGE_BUS_ADDR": "rabbitmq",
    "confmgr.MESSAGE_BUS_USER": "guest",
    "confmgr.MESSAGE_BUS_PASS": "guest",
    "confmgr.REDIS_URL": "redis://redis:6379/0"
  },
  "coreadaptor": {
    "image.repository": "registry-vpc.cn-zhangjiakou.aliyuncs.com/bizconf_devops/bizconf_usermanager_adaptor",
    "image.tag": "develop.7260",
    "replicaCount": 1,
    "coreadaptor.MONGO_URL": "mongodb://surpass:bizconf_surpass@10.200.3.188:27017/rocketchat",
    "coreadaptor.MESSAGE_BUS_ADDR": "rabbitmq",
    "coreadaptor.MESSAGE_BUS_USER": "guest",
    "coreadaptor.MESSAGE_BUS_PASS": "guest",
    "coreadaptor.REDIS_URL": "redis://redis:6379/0"
  },
  "gateway": {
    "image.repository": "registry-vpc.cn-zhangjiakou.aliyuncs.com/bizconf_devops/bizconf_api_gateway",
    "image.tag": "develop.7253",
    "replicaCount": 1,
    "gateway.MONGO_URL": "mongodb://surpass:bizconf_surpass@10.200.3.188:27017/surpass_addressbook",
    "gateway.MESSAGE_BUS_ADDR": "rabbitmq",
    "gateway.MESSAGE_BUS_USER": "guest",
    "gateway.MESSAGE_BUS_PASS": "guest",
    "gateway.REDIS_URL": "redis://redis:6379/0",
    "ingress.enabled": true,
    "ingress.host": "surpass-dev.bizconf.cn",
    "ingress.path": "/api/surpass",
    "ingress.pathMgr": "/api/surpassmgr",
    "ingress.pathDoc": "/apidoc"
  },
  "imcore": {
    "image.repository": "registry-vpc.cn-zhangjiakou.aliyuncs.com/bizconf_devops/bizconf_im_core",
    "image.tag": "develop.7622",
    "replicaCount": 1,
    "imcore.MONGO_URL": "mongodb://surpass:bizconf_surpass@10.200.3.188:27017/rocketchat",
    "imcore.MONGO_OPLOG_URL": "mongodb://surpass:bizconf_surpass@10.200.3.188:27017/local?authSource=rocketchat",
    "imcore.MESSAGE_BUS_ADDR": "rabbitmq",
    "imcore.MESSAGE_BUS_USER": "guest",
    "imcore.MESSAGE_BUS_PASS": "guest",
    "imcore.REDIS_URL": "redis://redis:6379/0",
    "ingress.enabled": true,
    "ingress.host": "surpass-dev.bizconf.cn",
    "ingress.path": "/"
  },
  "logmgr": {
    "image.repository": "registry-vpc.cn-zhangjiakou.aliyuncs.com/bizconf_devops/bizconf_log_manager",
    "image.tag": "develop.4805",
    "replicaCount": 1,
    "logmgr.ES_USER": "elastic",
    "logmgr.ES_PASSWORD": "f25x8cxwbxlxfcm9c8mjnhkg"
  },
  "redis": {
    "image.repository": "registry-vpc.cn-zhangjiakou.aliyuncs.com/bizconf_devops/bizconf_redis_manager",
    "image.tag": "develop.5215",
    "replicaCount": 1
  },
  "uosdata": {
    "image.repository": "registry-vpc.cn-zhangjiakou.aliyuncs.com/bizconf_devops/uos_userdata_service",
    "image.tag": "develop.7653",
    "replicaCount": 1,
    "uosdata.MONGO_URL": "mongodb://surpass:bizconf_surpass@10.200.3.188:27017/uosdata"
  },
  "rabbitmq": {
    "image.repository": "bitnami/rabbitmq",
    "image.tag": "3.7-debian-9",
    "rabbitmq.username": "guest",
    "rabbitmq.password": "guest",
    "replicaCount": 1,
    "ingress.enabled": true,
    "ingress.hostName": "surpass-dev.bizconf.cn"
  }
}